[ec2-user@ip-10-2-11-173 ~]$ mysql -h udacityreadreplica.crs7smom3yyq.us-west-1.rds.amazonaws.com -u admin -p
Enter password: 
Welcome to the MariaDB monitor.  Commands end with ; or \g.
Your MySQL connection id is 66
Server version: 8.0.28 Source distribution

Copyright (c) 2000, 2018, Oracle, MariaDB Corporation Ab and others.

Type 'help;' or '\h' for help. Type '\c' to clear the current input statement.

MySQL [(none)]> select * from Persons;
ERROR 2006 (HY000): MySQL server has gone away
No connection. Trying to reconnect...
Connection id:    9
Current database: *** NONE ***

ERROR 1046 (3D000): No database selected
MySQL [(none)]> use testDB;
Reading table information for completion of table and column names
You can turn off this feature to get a quicker startup with -A

Database changed
MySQL [testDB]> select * from Persons;
+----------+----------+-----------+--------------+-----------+
| PersonID | LastName | FirstName | Address      | City      |
+----------+----------+-----------+--------------+-----------+
|        1 | Phadtare | Rahul     | 1, Main Road | Yuba City |
+----------+----------+-----------+--------------+-----------+
1 row in set (0.00 sec)

MySQL [testDB]> INSERT INTO Persons VALUES (2, "Phadtare", “Rajkuwar”, "1, Main Road", "Yuba City");
ERROR 1054 (42S22): Unknown column '“Rajkuwar”' in 'field list'
MySQL [testDB]> INSERT INTO Persons VALUES (2, "Phadtare", "Rajkuwar", "1, Main Road", "Yuba City");
Query OK, 1 row affected (0.01 sec)

MySQL [testDB]> select * from Persons;
+----------+----------+-----------+--------------+-----------+
| PersonID | LastName | FirstName | Address      | City      |
+----------+----------+-----------+--------------+-----------+
|        1 | Phadtare | Rahul     | 1, Main Road | Yuba City |
|        2 | Phadtare | Rajkuwar  | 1, Main Road | Yuba City |
+----------+----------+-----------+--------------+-----------+
2 rows in set (0.00 sec)

MySQL [testDB]> exit
Bye
[ec2-user@ip-10-2-11-173 ~]$ 
